"id","word_count","total_attchments","total_images","total_videos","role","time_of_day","total_mentions","total_likes"
229329,1,4,0,0,"enterprise_admin","afternoon",0,0
229328,1,3,0,0,"enterprise_admin","afternoon",0,1
229278,1,0,0,0,"admin","morning",0,0
229277,1,0,0,0,"enterprise_admin","morning",0,0
229275,9,0,0,0,"admin","afternoon",0,0
229265,1,0,0,0,"admin","morning",0,0
229263,21,0,0,0,"25975f8b830814a0","morning",0,1
229262,21,0,0,0,"34feb5585e081d04","morning",0,0
229261,31,0,0,0,"enterprise_admin","morning",0,1
229260,2,0,0,0,"admin","morning",0,0
229254,5,3,0,0,"admin","morning",0,0
229250,1,0,0,0,"admin","afternoon",0,0
229249,1,0,0,0,"admin","afternoon",0,0
229248,4,0,0,0,"admin","afternoon",0,0
229245,14,0,0,0,"admin","morning",1,0
229244,9,0,0,0,"admin","morning",1,0
229243,9,0,0,0,"admin","morning",1,0
229242,11,0,0,0,"admin","morning",1,0
229241,3,0,0,0,"admin","morning",1,0
229240,7,0,0,0,"admin","morning",1,0
229239,2,0,0,0,"admin","morning",0,0
229238,17,0,0,0,"admin","morning",3,0
229237,11,0,0,0,"admin","morning",1,0
229235,1,1,0,0,"admin","afternoon",0,0
229229,1,0,0,0,"enterprise_admin","morning",0,0
229220,2,0,0,0,"enterprise_admin","afternoon",0,1
229213,3,0,0,0,"admin","afternoon",0,1
229211,1,0,0,0,"admin","afternoon",0,0
229203,2,0,0,0,"enterprise_admin","morning",0,1
229202,2,0,0,0,"enterprise_admin","morning",0,0
229197,9,0,0,0,"enterprise_admin","afternoon",0,0
229194,5,0,0,0,"enterprise_admin","afternoon",0,3
229191,110,0,0,0,"enterprise_admin","afternoon",0,1
229178,1,0,0,0,"admin","afternoon",0,0
229177,1,0,0,0,"admin","afternoon",0,1
229176,1,0,0,0,"admin","afternoon",0,0
229175,7,0,0,0,"enterprise_admin","afternoon",0,0
229174,4,0,0,0,"admin","morning",0,0
229173,4,0,0,0,"admin","morning",0,0
229172,1,0,0,0,"admin","afternoon",0,0
229162,7,0,0,0,"enterprise_admin","morning",0,0
229147,202,0,0,0,"enterprise_admin","morning",0,0
229119,4,2,0,1,"enterprise_admin","morning",0,0
229115,2,0,0,1,"enterprise_admin","morning",0,0
229113,6,3,0,0,"enterprise_admin","morning",0,0
229111,6,4,0,0,"enterprise_admin","morning",0,0
229107,7,0,0,0,"admin","morning",0,2
229106,4,1,0,0,"enterprise_admin","morning",0,0
229099,3,0,8,0,"enterprise_admin","morning",0,0
229079,3,0,4,0,"enterprise_admin","afternoon",0,0
229074,3,0,3,0,"enterprise_admin","afternoon",0,0
229070,3,0,2,0,"enterprise_admin","afternoon",0,0
229064,5,0,1,0,"enterprise_admin","morning",0,0
229062,4,0,1,0,"enterprise_admin","morning",0,0
229060,4,0,1,0,"enterprise_admin","morning",0,0
229059,3,0,1,0,"enterprise_admin","morning",0,0
229058,4,0,1,0,"enterprise_admin","morning",0,0
229054,1,1,0,0,"enterprise_admin","morning",0,0
229052,9,0,0,0,"enterprise_admin","morning",0,0
229042,1,0,0,0,"admin","morning",0,0
229036,3,0,0,0,"52b06203aa0dc338","afternoon",0,0
229024,1,0,0,0,"admin","morning",0,0
228995,10,0,0,0,"admin","morning",0,0
228991,2,0,0,0,"enterprise_admin","morning",0,0
228986,2,0,0,0,"enterprise_admin","morning",0,0
228985,2,0,0,0,"enterprise_admin","morning",0,0
228984,2,0,0,0,"enterprise_admin","morning",0,0
228981,2,0,0,0,"enterprise_admin","morning",0,0
228980,2,0,0,0,"enterprise_admin","morning",0,0
228978,2,0,0,0,"enterprise_admin","morning",0,0
228977,2,0,0,0,"enterprise_admin","morning",0,0
228976,2,0,0,0,"enterprise_admin","morning",0,0
228975,2,0,0,0,"enterprise_admin","morning",0,0
228974,2,0,0,0,"enterprise_admin","morning",0,0
228973,2,0,0,0,"enterprise_admin","morning",0,0
228971,1,0,0,0,"admin","afternoon",0,0
228968,1,0,0,0,"admin","afternoon",0,0
228967,1,0,0,0,"admin","afternoon",0,0
228929,10,0,0,0,"admin","afternoon",0,0
228922,1,0,0,0,"admin","morning",0,0
228921,1,0,0,0,"admin","morning",0,0
228920,1,0,0,0,"admin","morning",0,1
228918,1,0,0,0,"admin","morning",0,0
228895,1,0,0,0,"enterprise_admin","morning",0,1
228858,1,1,0,0,"25975f8b830814a0","afternoon",0,0
228851,102,0,0,0,"enterprise_admin","afternoon",0,1
228838,1,0,0,0,"admin","morning",0,0
228837,1,0,0,0,"admin","morning",0,0
228818,1,0,0,0,"enterprise_admin","morning",0,0
228817,1,0,0,0,"enterprise_admin","morning",0,0
228809,4,0,0,0,"enterprise_admin","afternoon",0,0
228807,1,0,1,0,"admin","afternoon",0,0
228772,1,0,0,0,"enterprise_admin","morning",0,0
228762,1442,0,0,0,"admin","afternoon",0,0
228761,104,0,0,0,"admin","afternoon",0,1
228760,142,0,0,0,"admin","afternoon",0,0
228716,1,0,0,0,"enterprise_admin","morning",0,0
228691,1,0,0,0,"enterprise_admin","morning",0,0
228675,1,0,0,0,"25975f8b830814a0","morning",0,0
228570,1,0,0,0,"enterprise_admin","morning",0,0
228569,1,0,0,0,"enterprise_admin","morning",0,0
228567,1,0,0,0,"enterprise_admin","morning",0,0
228565,1,0,0,0,"enterprise_admin","morning",0,0
228563,1,0,0,0,"enterprise_admin","morning",0,0
228560,1,0,0,0,"25975f8b830814a0","morning",0,0
228558,1,0,0,0,"enterprise_admin","morning",0,2
228554,1,1,2,0,"enterprise_admin","morning",0,1
228545,1,0,0,0,"enterprise_admin","morning",0,0
228527,1,0,1,0,"enterprise_admin","morning",0,0
228525,1,0,0,0,"09c0050c1b0dcf50","afternoon",0,0
228524,11,0,0,0,"admin","morning",0,0
228463,5,0,0,0,"enterprise_admin","morning",0,0
228462,17,0,0,0,"enterprise_admin","morning",0,0
228461,1,0,0,0,"2b230ca2230dc39c","morning",0,0
228458,3,0,0,0,"enterprise_admin","afternoon",0,0
228456,160,0,0,0,"enterprise_admin","morning",0,0
228453,183,0,0,0,"enterprise_admin","morning",0,0
228447,1,0,0,0,"enterprise_admin","afternoon",0,0
228444,1,0,0,0,"enterprise_admin","morning",0,0
228441,1,0,0,0,"enterprise_admin","morning",0,0
228440,1,0,0,0,"enterprise_admin","morning",0,0
228428,1,0,0,0,"enterprise_admin","afternoon",0,0
228427,1,0,0,0,"enterprise_admin","afternoon",0,0
228426,1,0,0,0,"enterprise_admin","afternoon",0,0
228424,1,0,0,0,"enterprise_admin","afternoon",0,0
228423,1,0,0,0,"enterprise_admin","afternoon",0,0
228422,1,0,0,0,"enterprise_admin","afternoon",0,0
228421,1,0,0,0,"enterprise_admin","afternoon",0,0
228420,1,0,0,0,"enterprise_admin","afternoon",0,0
228419,7,0,0,0,"enterprise_admin","afternoon",0,0
228418,1,0,0,0,"enterprise_admin","afternoon",0,0
228416,1,0,0,0,"enterprise_admin","afternoon",0,0
228415,1,0,0,0,"enterprise_admin","afternoon",0,0
228414,1,0,0,0,"enterprise_admin","afternoon",0,0
228413,1,0,0,0,"enterprise_admin","afternoon",0,0
228404,2,1,1,0,"enterprise_admin","afternoon",0,0
228401,1,0,0,1,"enterprise_admin","morning",0,0
228394,1,0,0,0,"enterprise_admin","morning",0,0
228393,1,0,0,0,"enterprise_admin","morning",0,0
228392,1,0,0,0,"enterprise_admin","morning",0,0
228346,1,0,0,1,"enterprise_admin","morning",0,0
228344,1,0,0,1,"enterprise_admin","morning",0,0
228342,1,0,0,1,"enterprise_admin","morning",0,0
228340,1,0,0,0,"admin","afternoon",0,0
228339,1,0,0,0,"admin","afternoon",0,0
228338,1,0,0,0,"admin","afternoon",0,0
228337,1,0,0,0,"admin","afternoon",0,0
228336,1,0,0,0,"admin","afternoon",0,0
228330,1,0,0,0,"admin","afternoon",0,0
228301,2,0,12,0,"enterprise_admin","morning",0,0
228288,3,0,7,0,"enterprise_admin","morning",0,0
228280,2,0,14,0,"enterprise_admin","morning",0,0
228265,3,0,6,0,"enterprise_admin","morning",0,0
228258,2,0,12,0,"enterprise_admin","morning",0,0
228245,2,0,12,0,"enterprise_admin","morning",0,0
228232,2,0,12,0,"enterprise_admin","morning",0,0
228219,1,0,0,0,"admin","morning",0,0
228210,3,0,0,0,"admin","morning",0,0
228207,2,0,10,0,"enterprise_admin","morning",0,0
228196,2,0,5,0,"enterprise_admin","morning",0,0
228190,2,0,0,1,"enterprise_admin","morning",0,0
228188,2,0,0,1,"enterprise_admin","morning",0,0
228186,1,0,0,1,"enterprise_admin","morning",0,0
228182,1,0,0,1,"enterprise_admin","morning",0,0
228181,1,0,0,1,"enterprise_admin","morning",0,0
228179,1,0,0,1,"enterprise_admin","morning",0,0
228175,1,0,0,0,"enterprise_admin","afternoon",0,1
228169,1,0,1,0,"admin","morning",0,0
228167,1,0,10,0,"admin","morning",0,0
228156,1,0,5,0,"admin","morning",0,0
228150,1,0,5,0,"admin","morning",0,0
228144,1,0,4,0,"admin","morning",0,0
228138,1,0,5,0,"admin","morning",0,0
228132,3,0,2,0,"admin","morning",0,0
228128,1,0,0,0,"enterprise_admin","afternoon",0,1
228124,1,0,0,1,"admin","afternoon",0,0
228092,1,0,4,0,"enterprise_admin","morning",0,1
228087,7,0,0,0,"admin","afternoon",0,0
228086,22,0,0,0,"enterprise_admin","morning",4,1
228085,1,0,0,0,"enterprise_admin","morning",0,0
228082,4,0,0,0,"admin","morning",0,1
228080,4,0,0,0,"admin","morning",0,0
228078,4,0,1,0,"enterprise_admin","morning",0,1
228076,1,0,1,0,"enterprise_admin","morning",0,0
228075,7,0,1,0,"enterprise_admin","morning",0,0
228069,7,0,2,0,"enterprise_admin","morning",0,0
228011,1,0,0,0,"enterprise_admin","morning",0,0
227999,1,0,0,0,"enterprise_admin","morning",0,0
227986,3,0,0,1,"enterprise_admin","morning",0,1
227978,7,2,1,1,"enterprise_admin","morning",0,0
227916,1,0,0,0,"admin","afternoon",0,0
227915,1,0,0,0,"admin","morning",0,0
227898,1,0,0,0,"enterprise_admin","morning",0,0
227890,1,0,0,0,"enterprise_admin","afternoon",0,0
227889,1,0,0,0,"enterprise_admin","afternoon",0,0
227888,1,0,0,0,"enterprise_admin","afternoon",0,0
227887,1,0,0,0,"enterprise_admin","afternoon",0,0
227886,1,0,0,0,"enterprise_admin","afternoon",0,0
227885,1,0,0,0,"enterprise_admin","afternoon",0,0
227884,1,0,0,0,"enterprise_admin","afternoon",0,0
227883,1,0,0,0,"enterprise_admin","afternoon",0,0
227882,1,0,0,0,"enterprise_admin","afternoon",0,0
227881,1,0,0,0,"enterprise_admin","afternoon",0,0
227878,1,0,0,0,"enterprise_admin","afternoon",0,0
227877,1,0,0,0,"enterprise_admin","afternoon",0,0
227876,1,0,0,0,"enterprise_admin","afternoon",0,0
227875,1,0,0,0,"enterprise_admin","afternoon",0,0
227874,1,0,0,0,"enterprise_admin","afternoon",0,0
227843,7,0,0,0,"admin","morning",1,1
227837,1,0,0,0,"admin","morning",0,0
227836,7,0,0,0,"admin","morning",1,0
227829,1,0,0,0,"admin","afternoon",0,0
227828,1,0,0,0,"admin","morning",0,0
227827,1,0,0,0,"admin","morning",0,0
227823,1,0,0,0,"admin","morning",0,0
227822,6,0,0,0,"enterprise_admin","afternoon",1,0
227804,2,0,0,0,"admin","afternoon",0,0
227803,2,0,0,0,"enterprise_admin","afternoon",0,0
227790,1,0,0,0,"admin","morning",0,0
227785,1,0,0,0,"admin","morning",0,0
227771,6,0,0,0,"admin","afternoon",0,0
227766,1,1,2,0,"admin","afternoon",0,0
227758,1,0,2,0,"admin","morning",0,0
227754,1,0,1,0,"admin","morning",0,0
227751,1,0,4,0,"admin","morning",0,0
227740,2,0,0,0,"admin","morning",0,0
227719,1,0,0,0,"25975f8b830814a0","morning",0,0
227711,8,0,0,1,"admin","afternoon",0,0
227710,3,0,0,0,"admin","afternoon",0,0
227690,3,0,0,1,"admin","afternoon",0,0
227683,10,1,0,1,"admin","afternoon",0,0
227681,3,0,0,1,"admin","afternoon",0,0
227676,1,0,0,0,"admin","afternoon",0,0
227675,1,0,0,0,"admin","morning",0,0
227673,1,0,0,0,"admin","morning",0,0
227672,5,0,0,1,"admin","morning",0,0
227667,8,0,0,1,"admin","morning",0,0
227666,4,0,0,1,"admin","morning",0,0
227664,5,0,0,0,"admin","morning",0,0
227658,6,0,0,0,"admin","afternoon",0,0
227645,4,0,0,0,"admin","morning",0,0
227638,1,0,0,1,"admin","morning",0,0
227633,1,1,3,0,"admin","morning",0,0
227628,1,0,0,0,"admin","morning",0,0
227601,2,1,0,0,"admin","afternoon",0,0
227596,4,3,1,0,"admin","afternoon",0,0
227591,3,0,0,0,"admin","afternoon",0,0
227583,1,0,0,0,"admin","afternoon",0,0
227582,10,0,0,0,"admin","morning",0,0
227567,23,0,0,0,"admin","morning",0,0
227565,1,0,4,0,"admin","morning",0,0
227555,1,0,0,1,"enterprise_admin","afternoon",0,0
227553,2,0,0,0,"admin","afternoon",0,0
227552,2,0,0,0,"admin","afternoon",0,0
227545,1,0,0,0,"admin","morning",0,0
227544,1,0,0,0,"admin","morning",0,0
227543,1,2,1,0,"admin","morning",0,0
227541,1,2,2,0,"admin","morning",0,0
227536,1,0,0,0,"enterprise_admin","morning",0,0
227535,3,0,0,1,"admin","morning",0,0
227533,3,0,0,1,"admin","morning",0,0
227511,4,0,0,0,"admin","morning",0,0
227500,1,0,0,0,"admin","afternoon",0,0
227490,4,0,0,1,"admin","morning",0,0
227485,4,0,0,0,"admin","morning",0,0
227484,4,0,0,0,"admin","morning",0,0
227483,3,0,0,0,"admin","morning",0,0
227482,3,0,0,0,"admin","morning",0,0
227481,9,0,0,0,"admin","morning",0,0
227480,9,0,0,0,"admin","morning",0,0
227479,31,0,0,0,"admin","morning",0,0
227477,9,0,0,0,"admin","morning",0,0
227476,9,0,0,0,"admin","morning",0,0
227459,2,0,8,0,"admin","afternoon",0,0
227450,4,0,0,0,"enterprise_admin","afternoon",0,0
227445,4,0,0,0,"admin","morning",0,0
227444,5,0,0,0,"admin","morning",0,0
227443,1,0,0,0,"enterprise_admin","morning",0,0
227442,5,0,0,0,"enterprise_admin","morning",0,0
227439,5,2,0,0,"enterprise_admin","morning",0,0
227438,1,0,0,0,"enterprise_admin","morning",0,0
227437,2,0,0,0,"enterprise_admin","morning",0,0
227436,1,0,0,0,"enterprise_admin","morning",0,0
227435,18,0,0,0,"enterprise_admin","morning",0,0
227434,2,0,0,0,"admin","afternoon",0,0
227433,2,0,0,0,"admin","afternoon",0,0
227429,5,1,0,1,"admin","afternoon",0,0
227427,2,0,0,0,"admin","afternoon",0,0
227426,2,0,0,0,"admin","afternoon",0,0
227421,2,0,0,0,"admin","afternoon",0,0
227396,5,2,0,0,"admin","morning",0,0
227395,1,0,0,0,"admin","afternoon",0,0
227394,7,0,0,0,"admin","afternoon",0,1
227392,3,0,0,0,"admin","afternoon",0,0
227391,15,0,0,0,"admin","afternoon",0,0
227389,1,0,0,0,"enterprise_admin","afternoon",0,0
227388,4,0,0,0,"enterprise_admin","afternoon",0,0
227383,1,0,0,0,"admin","afternoon",0,0
227382,1,0,0,0,"admin","afternoon",0,0
227381,1,0,0,0,"admin","afternoon",0,0
227380,1,0,0,0,"admin","afternoon",0,0
227378,1,0,1,0,"admin","afternoon",0,0
227371,1,0,0,0,"admin","afternoon",0,1
227363,2,0,0,0,"admin","morning",0,1
227354,174,1,0,1,"admin","afternoon",0,0
227350,2,0,0,0,"admin","afternoon",0,0
227349,1,0,0,0,"admin","afternoon",0,0
227348,2,0,0,0,"admin","afternoon",0,0
227346,1,0,0,0,"enterprise_admin","afternoon",0,0
227345,3,0,0,1,"admin","afternoon",0,0
227340,1,0,0,0,"admin","morning",0,0
227331,1,0,0,1,"admin","morning",0,0
227328,1,0,0,0,"admin","afternoon",0,0
227311,1,0,0,0,"admin","morning",0,0
227310,1,0,0,0,"enterprise_admin","afternoon",0,0
227309,1,0,0,0,"enterprise_admin","afternoon",0,0
227308,1,0,0,0,"enterprise_admin","afternoon",0,0
227307,1,0,0,0,"enterprise_admin","afternoon",0,0
227305,2,1,0,0,"admin","morning",0,0
227303,2,0,1,0,"admin","morning",0,0
227297,4,0,0,0,"admin","afternoon",0,0
227288,1,0,0,0,"admin","afternoon",0,0
227287,1,0,7,0,"admin","afternoon",0,0
227277,3,1,0,0,"enterprise_admin","afternoon",0,0
227260,2,0,3,0,"admin","afternoon",0,0
227253,1,0,0,0,"25975f8b830814a0","morning",0,0
227249,1,0,0,0,"admin","morning",0,0
227248,2,0,0,0,"admin","morning",0,0
227243,1,1,1,0,"admin","morning",0,0
227241,1,1,2,0,"admin","morning",0,0
227236,2,0,1,0,"admin","morning",0,0
227225,25,0,0,0,"admin","morning",0,0
227222,25,0,0,0,"admin","morning",0,0
227205,1,0,0,0,"admin","morning",0,0
227197,1,0,0,0,"admin","morning",0,0
227196,1,0,0,0,"admin","morning",0,0
227193,1,0,0,0,"admin","morning",0,0
227192,1,0,0,0,"admin","morning",0,0
227190,1,0,0,0,"admin","morning",0,0
227189,1,0,0,0,"admin","morning",0,0
227184,1,0,0,0,"admin","morning",0,0
227181,2,0,0,0,"admin","morning",0,0
227161,2,0,0,0,"admin","morning",0,0
227155,3,0,0,0,"admin","morning",1,1
227153,7,0,0,0,"admin","morning",1,0
227148,2,0,1,0,"admin","afternoon",0,0
227146,2,0,4,0,"admin","afternoon",0,0
227142,1,0,1,0,"admin","afternoon",0,0
227140,1,0,1,0,"admin","afternoon",0,0
227138,1,0,1,0,"admin","afternoon",0,0
227128,435,0,0,0,"admin","morning",0,1
227125,5,0,0,0,"admin","morning",0,0
227114,1,0,0,0,"admin","morning",0,0
227100,1,0,0,0,"admin","afternoon",0,0
227089,6,0,0,0,"admin","afternoon",0,0
227084,4,0,1,0,"admin","afternoon",0,0
227081,4,0,0,0,"admin","afternoon",0,1
227077,1,0,0,0,"admin","morning",0,0
227073,1,0,0,0,"admin","morning",0,1
227067,1,0,0,0,"admin","morning",0,0
227064,1,0,1,0,"admin","morning",0,0
226969,4,0,0,0,"admin","morning",0,0
226968,1,0,0,0,"admin","morning",0,0
226962,1,0,0,0,"admin","evening",0,0
226925,2,0,0,0,"admin","afternoon",0,0
226917,1,0,0,0,"admin","afternoon",0,0
226911,1,0,0,0,"enterprise_admin","afternoon",0,0
226896,1,0,0,1,"enterprise_admin","afternoon",0,0
226895,1,0,0,0,"enterprise_admin","afternoon",0,0
226894,1,0,0,0,"enterprise_admin","afternoon",0,0
226893,3,0,0,0,"enterprise_admin","afternoon",0,0
226892,1,0,0,0,"enterprise_admin","afternoon",0,0
226859,1,0,0,0,"admin","morning",0,0
226838,1,0,0,0,"enterprise_admin","afternoon",0,0
226837,1,0,0,0,"enterprise_admin","afternoon",0,0
226836,1,0,0,0,"enterprise_admin","afternoon",0,0
226830,1,0,0,0,"enterprise_admin","afternoon",0,0
226807,2,0,0,0,"admin","morning",0,0
226799,3,0,0,0,"enterprise_admin","morning",0,0
226798,2,0,0,0,"enterprise_admin","morning",0,0
226789,3,0,0,0,"admin","morning",0,0
226762,1,0,0,0,"admin","afternoon",0,0
226760,1,0,0,0,"admin","afternoon",0,0
226756,2,0,0,0,"admin","morning",0,1
226753,675,1,0,1,"enterprise_admin","morning",0,0
226747,4,0,0,0,"enterprise_admin","afternoon",0,0
226737,2,0,0,0,"admin","morning",0,0
226736,2,0,0,0,"admin","morning",0,0
226732,2,0,0,0,"admin","morning",0,0
226731,2,0,0,0,"admin","morning",0,0
226730,1,0,0,0,"admin","morning",0,0
226726,2,0,0,0,"enterprise_admin","morning",0,0
226725,2,0,0,0,"admin","morning",0,0
226724,1,0,0,0,"enterprise_admin","morning",0,0
226723,1,0,0,0,"enterprise_admin","morning",0,0
226715,1,0,0,0,"admin","afternoon",0,0
226712,3,0,0,0,"admin","afternoon",0,0
226711,2,0,0,0,"admin","afternoon",0,0
226707,4,0,0,0,"enterprise_admin","afternoon",0,0
226705,4,0,0,0,"admin","afternoon",0,0
226697,2,0,0,0,"admin","afternoon",0,0
226696,3,0,0,0,"admin","afternoon",0,0
226674,4,0,0,0,"admin","afternoon",0,0
226667,4,0,0,0,"admin","afternoon",1,1
226666,5,0,0,0,"admin","afternoon",0,1
226665,8,0,0,0,"admin","afternoon",0,0
226662,4,0,0,0,"admin","afternoon",0,0
226660,3,0,0,0,"admin","afternoon",0,1
226659,1,0,0,0,"admin","afternoon",0,0
226658,12,0,0,0,"admin","afternoon",0,0
226657,6,0,0,0,"52b06203aa0dc338","afternoon",0,0
226656,5,0,0,0,"52b06203aa0dc338","afternoon",0,0
226655,11,0,0,0,"52b06203aa0dc338","afternoon",0,0
226651,4,0,0,0,"admin","afternoon",0,0
226645,4,0,0,0,"enterprise_admin","afternoon",0,0
226636,1,0,0,0,"admin","morning",0,0
226630,6,0,0,0,"admin","morning",0,0
226619,14,0,0,0,"admin","morning",4,0
226607,2,0,0,0,"admin","morning",0,0
226594,1,0,0,0,"enterprise_admin","afternoon",0,0
226565,2,0,0,0,"admin","morning",0,0
226556,4,0,0,0,"admin","morning",0,0
226542,1,0,0,0,"admin","morning",0,0
226514,1,0,0,0,"admin","afternoon",0,0
226513,4,0,0,0,"admin","afternoon",1,0
226512,1,0,0,0,"46511b13d30dc8d4","afternoon",0,0
226511,1,0,0,0,"46511b13d30dc8d4","afternoon",0,0
226505,1,0,0,0,"46511b13d30dc8d4","morning",0,0
226504,1,0,0,0,"46511b13d30dc8d4","morning",0,0
226503,1,0,0,0,"46511b13d30dc8d4","morning",0,0
226502,1,0,0,0,"46511b13d30dc8d4","morning",0,0
226501,3,0,0,0,"46511b13d30dc8d4","morning",0,0
226500,1,0,0,0,"46511b13d30dc8d4","morning",0,0
226499,1,0,0,0,"46511b13d30dc8d4","morning",0,0
226496,1,0,0,0,"46511b13d30dc8d4","morning",0,0
226495,2,0,0,0,"46511b13d30dc8d4","morning",0,0
226494,5,0,0,0,"admin","morning",0,0
226493,8,0,0,0,"admin","morning",0,0
226492,8,0,0,0,"admin","morning",0,0
226490,1,0,0,0,"46511b13d30dc8d4","morning",0,0
226489,1,0,0,0,"46511b13d30dc8d4","morning",0,0
226488,1,0,0,0,"46511b13d30dc8d4","morning",0,0
226460,4,0,0,0,"admin","afternoon",0,0
226457,2,0,1,0,"admin","afternoon",0,0
226441,3,0,1,0,"admin","afternoon",0,0
226437,6,0,1,0,"enterprise_admin","morning",0,0
226435,2,1,0,0,"enterprise_admin","morning",0,0
226433,2,1,0,0,"enterprise_admin","morning",0,0
226430,2,0,1,0,"enterprise_admin","morning",0,0
226428,2,0,0,0,"enterprise_admin","morning",0,0
226417,2,0,0,0,"admin","afternoon",0,0
226406,2,0,0,0,"admin","afternoon",0,0
226395,1,0,0,0,"admin","morning",0,0
226391,4,0,0,0,"enterprise_admin","afternoon",0,1
226386,4,0,0,0,"admin","afternoon",0,0
226381,6,0,0,0,"admin","morning",1,0
226376,2,0,0,0,"admin","morning",0,2
226369,5,0,0,0,"admin","morning",1,0
226359,4,0,0,0,"admin","morning",1,0
226270,8,0,0,0,"admin","morning",5,0
226264,271,0,0,0,"admin","morning",0,0
226262,1,0,0,0,"enterprise_admin","morning",0,0
226223,1,0,0,0,"admin","morning",0,0
226214,3,0,1,0,"admin","morning",0,2
226191,1,0,0,0,"admin","morning",0,0
226187,1,0,0,0,"enterprise_admin","morning",0,1
226175,6,1,1,0,"admin","afternoon",0,1
226168,5,0,0,0,"admin","afternoon",0,0
226128,1,0,0,0,"enterprise_admin","morning",0,0
226127,1,0,0,0,"enterprise_admin","morning",0,0
226124,1,0,0,0,"enterprise_admin","afternoon",0,1
226123,1,0,0,0,"enterprise_admin","afternoon",0,0
226107,1,0,0,0,"enterprise_admin","morning",0,0
226106,3,0,0,0,"enterprise_admin","morning",0,0
226105,1,0,0,0,"admin","morning",0,0
226103,2,0,0,0,"4815c8ef2b08113c","afternoon",0,0
226102,3,0,0,0,"enterprise_admin","afternoon",0,0
226101,2,0,0,0,"enterprise_admin","afternoon",0,0
226100,4,0,0,0,"enterprise_admin","afternoon",0,1
226098,32,0,0,0,"admin","morning",0,1
226088,1,0,0,0,"4815c8ef2b08113c","morning",0,0
226087,1,0,0,0,"4815c8ef2b08113c","morning",0,0
226082,7,0,0,0,"admin","morning",0,0
226081,5,0,0,0,"admin","morning",0,0
226079,1,0,0,0,"admin","afternoon",0,0
226070,1,0,0,0,"enterprise_admin","afternoon",0,0
226053,7,0,0,0,"admin","afternoon",0,2
226047,91,0,0,0,"enterprise_admin","morning",0,0
226046,1,0,0,0,"admin","morning",0,0
226042,271,0,0,0,"admin","morning",0,0
226041,15,0,0,0,"admin","morning",0,0
226040,3634,0,0,0,"admin","morning",0,0
226039,190,0,0,0,"admin","morning",0,0
226036,220,1,0,0,"admin","morning",0,0
226025,404,0,0,0,"admin","morning",0,1
225998,107,0,0,0,"admin","afternoon",0,0
225997,107,0,0,0,"admin","afternoon",0,0
225988,1,0,0,0,"admin","morning",0,0
225987,1,0,0,0,"admin","morning",0,0
225984,2,0,0,0,"admin","afternoon",0,0
225982,4,0,0,0,"admin","afternoon",0,0
225980,5,0,0,0,"admin","afternoon",0,0
225975,4,0,0,0,"enterprise_admin","afternoon",0,0
225974,9,0,0,0,"enterprise_admin","afternoon",0,0
225970,1,0,0,0,"admin","morning",0,1
225959,4,0,0,1,"admin","afternoon",0,0
225954,4,0,0,1,"admin","afternoon",0,0
225952,4,1,0,1,"admin","afternoon",0,0
225949,3,0,0,1,"admin","afternoon",0,0
225937,220,1,0,0,"admin","morning",0,0
225935,1,0,0,0,"admin","morning",0,0
225934,1,0,0,0,"admin","morning",0,0
225926,2,0,0,0,"enterprise_admin","morning",0,0
225910,2,0,0,0,"enterprise_admin","afternoon",0,2
225908,9,0,0,0,"enterprise_admin","afternoon",0,0
225907,8,0,0,0,"enterprise_admin","afternoon",0,0
225906,5,0,0,0,"enterprise_admin","afternoon",0,0
225905,2,0,0,0,"enterprise_admin","afternoon",0,0
225904,4,0,0,0,"enterprise_admin","afternoon",0,0
225901,4,0,0,0,"admin","afternoon",0,0
225900,4,0,0,0,"admin","afternoon",0,0
225899,1,0,0,0,"admin","morning",0,0
225898,1,0,0,0,"admin","morning",0,0
225897,1,0,0,0,"admin","morning",0,0
225896,1,0,2,0,"admin","morning",0,1
225891,1,0,1,0,"25975f8b830814a0","morning",0,0
225799,5,1,0,0,"admin","morning",0,0
225797,3,0,0,0,"admin","morning",0,0
225792,1,0,0,0,"enterprise_admin","morning",0,0
225789,1,0,0,0,"enterprise_admin","morning",0,0
225788,1,0,0,0,"enterprise_admin","afternoon",0,0
225785,3,0,0,0,"enterprise_admin","afternoon",0,0
225782,2,0,0,0,"enterprise_admin","morning",0,0
225781,2,0,0,0,"enterprise_admin","morning",0,0
225777,1,0,0,0,"enterprise_admin","morning",0,0
225776,1,0,0,0,"admin","morning",0,0
225775,3,0,0,0,"admin","morning",0,0
225774,2,0,0,0,"enterprise_admin","morning",0,0
225772,2,0,0,0,"enterprise_admin","morning",0,0
225771,1,0,0,0,"enterprise_admin","morning",0,0
225770,3,0,0,0,"0e652f59ea0dc354","morning",0,0
225766,1,0,0,0,"enterprise_admin","morning",0,0
225765,1,0,0,0,"enterprise_admin","morning",0,0
225762,1,0,0,0,"admin","morning",0,1
225756,2,1,0,0,"admin","morning",0,0
225755,2,0,0,0,"admin","morning",0,1
225753,1,0,0,0,"enterprise_admin","morning",0,0
225751,7,0,0,0,"admin","morning",0,0
225750,3,0,0,0,"52d515de72081f68","morning",0,0
225745,3,0,0,0,"2b230ca2230dc39c","morning",0,0
225713,1,0,0,0,"admin","morning",0,0
225712,1,0,0,0,"admin","morning",0,1
225711,1,0,0,0,"admin","morning",0,0
225709,1,0,0,0,"admin","morning",0,0
225708,1,0,0,0,"admin","morning",0,1
225707,1,0,0,0,"admin","morning",0,1
225705,1,0,0,0,"admin","afternoon",0,0
225704,1,0,0,0,"admin","afternoon",0,0
225703,1,0,0,0,"admin","afternoon",0,0
225702,2,0,0,0,"admin","afternoon",0,0
225701,1,0,0,0,"admin","afternoon",0,0
225699,1,0,0,0,"admin","morning",0,1
225697,1,0,0,0,"admin","morning",0,3
225696,2,0,0,0,"admin","morning",0,0
225695,1,0,0,0,"admin","morning",0,0
225694,2,0,0,0,"admin","morning",0,0
225693,1,0,0,0,"admin","morning",0,0
225692,2,0,0,0,"admin","morning",0,0
225686,3,0,0,0,"admin","afternoon",0,0
225685,1,0,0,0,"admin","afternoon",0,0
225372,1,0,0,0,"enterprise_admin","afternoon",0,0
225369,109,0,0,0,"admin","afternoon",0,0
225368,1,0,0,0,"16485149cd0dc158","morning",0,0
225367,1,0,1,0,"16485149cd0dc158","morning",0,0
225366,1,0,0,0,"16485149cd0dc158","morning",0,0
225364,1,0,0,0,"16485149cd0dc158","morning",0,0
225363,1,0,0,0,"16485149cd0dc158","morning",0,1
225362,2,0,0,0,"16485149cd0dc158","morning",0,0
225358,2,0,0,0,"09c0050c1b0dcf50","morning",0,0
225356,26,0,0,0,"admin","afternoon",0,1
225355,4,0,0,0,"admin","afternoon",0,0
225353,80,0,0,0,"admin","afternoon",0,0
225351,28,0,0,0,"admin","afternoon",0,0
225345,1,0,0,0,"admin","morning",0,0
225343,17,0,0,0,"admin","morning",0,0
225330,1,0,0,0,"admin","morning",0,0
225320,3,0,0,1,"34feb5585e081d04","morning",0,0
225319,7,0,0,0,"enterprise_admin","morning",0,0
225318,2,0,0,0,"admin","morning",0,0
225308,7,0,0,0,"2b230ca2230dc39c","morning",0,0
225303,13,0,0,0,"admin","morning",0,1
225302,1,0,0,0,"admin","evening",0,1
225301,1,0,0,0,"admin","evening",0,2
225297,3,0,0,1,"admin","afternoon",0,1
225296,36,0,0,0,"2b230ca2230dc39c","morning",0,0
225294,1,0,0,0,"2b230ca2230dc39c","morning",0,0
225293,1618,0,0,0,"admin","morning",0,0
225291,36,0,0,0,"2b230ca2230dc39c","afternoon",0,0
225289,2,0,0,0,"admin","afternoon",0,0
225287,2,0,0,0,"admin","afternoon",0,0
225286,2,1,0,0,"25975f8b830814a0","afternoon",0,0
225283,2,0,0,0,"admin","afternoon",0,0
225282,3,0,0,0,"admin","afternoon",0,0
225280,2,2,2,3,"admin","afternoon",0,0
225279,1,0,0,0,"admin","afternoon",0,0
225277,1,0,0,0,"admin","afternoon",0,0
225276,2,0,0,0,"admin","morning",0,0
225275,2,0,0,0,"admin","morning",0,0
225274,5,0,0,0,"admin","morning",0,0
225273,1,0,0,0,"admin","morning",0,0
225272,3,0,0,0,"admin","afternoon",0,0
225271,7,0,0,0,"25975f8b830814a0","afternoon",0,0
225260,8,0,0,0,"enterprise_admin","afternoon",0,0
225259,3,1,0,0,"enterprise_admin","afternoon",0,0
225258,9,0,0,0,"enterprise_admin","afternoon",0,0
225257,9,0,0,0,"enterprise_admin","afternoon",0,0
225255,4,0,1,0,"admin","afternoon",0,0
225254,3,0,0,0,"admin","afternoon",0,0
225253,16,0,0,0,"enterprise_admin","afternoon",0,0
225252,17,0,1,0,"admin","afternoon",0,0
225251,17,0,0,0,"admin","afternoon",0,0
225250,10,0,0,0,"admin","afternoon",0,0
225246,11,0,0,0,"admin","afternoon",0,0
225245,6,1,1,0,"enterprise_admin","afternoon",0,0
225244,10,0,0,0,"admin","afternoon",0,0
225241,17,0,0,0,"admin","afternoon",0,0
225240,5,0,0,0,"admin","morning",0,0
225237,27,0,0,0,"enterprise_admin","morning",0,0
225236,5,0,0,0,"enterprise_admin","morning",0,0
225235,5,0,0,0,"enterprise_admin","morning",0,0
225228,1,0,0,0,"enterprise_admin","afternoon",0,0
225225,1,0,0,0,"enterprise_admin","afternoon",0,0
225222,1,0,0,1,"admin","afternoon",0,0
225218,2,0,0,0,"admin","afternoon",0,0
225214,1,0,0,0,"enterprise_admin","afternoon",0,0
225211,1,0,0,0,"enterprise_admin","afternoon",0,0
225210,6,0,0,0,"enterprise_admin","morning",0,1
225203,3,0,0,0,"admin","afternoon",0,0
225202,1,0,0,0,"admin","afternoon",0,0
225201,3,0,0,0,"admin","afternoon",0,0
225198,2,0,0,1,"admin","morning",0,0
225197,1,0,0,0,"enterprise_admin","morning",0,0
225190,1,0,0,0,"admin","morning",0,0
225189,16,0,0,0,"admin","afternoon",0,0
225188,7,0,0,0,"admin","morning",0,0
225186,13,0,0,0,"admin","afternoon",0,0
225178,2,0,0,0,"admin","afternoon",0,0
225177,4,0,0,0,"admin","afternoon",0,0
225176,9,0,0,0,"admin","afternoon",0,0
225175,25,0,0,0,"admin","afternoon",0,0
225174,2,0,0,0,"admin","afternoon",0,0
225173,23,0,0,0,"admin","afternoon",0,0
225172,7,0,0,0,"admin","afternoon",0,0
225170,15,0,0,0,"admin","afternoon",0,0
225169,16,0,0,0,"admin","afternoon",0,0
225151,1,0,0,0,"enterprise_admin","afternoon",0,0
225150,39,0,0,0,"enterprise_admin","afternoon",0,0
225149,3,0,0,0,"admin","morning",0,0
225148,4,0,0,0,"admin","morning",0,0
225146,7,0,0,0,"admin","morning",0,0
225145,9,0,0,0,"admin","morning",0,0
225144,36,0,0,0,"enterprise_admin","morning",0,0
225143,1,0,0,0,"admin","morning",0,0
225142,16,0,0,0,"admin","morning",0,0
225141,22,0,0,0,"25975f8b830814a0","morning",0,0
225140,22,0,0,0,"25975f8b830814a0","morning",1,0
225139,23,0,0,0,"25975f8b830814a0","morning",2,0
225129,7,0,0,0,"admin","morning",0,0
225128,9,0,0,0,"admin","morning",0,0
225127,9,0,0,0,"admin","morning",0,0
225124,6,0,0,0,"admin","evening",0,0
225118,1,0,0,0,"admin","morning",0,0
225117,2,0,0,0,"admin","morning",0,0
225109,1,0,0,0,"enterprise_admin","morning",0,0
225105,25,0,0,0,"admin","morning",0,0
225104,25,0,0,0,"admin","evening",0,0
225102,10,1,0,0,"enterprise_admin","afternoon",0,0
225057,6,0,0,0,"enterprise_admin","morning",0,0
225056,1,0,0,0,"enterprise_admin","morning",0,0
225055,23,0,0,0,"admin","afternoon",0,0
225045,1,0,0,0,"2b230ca2230dc39c","afternoon",0,0
225044,2,1,1,0,"enterprise_admin","afternoon",0,1
224705,7,0,0,0,"admin","morning",0,0
224554,23,0,0,0,"admin","afternoon",0,0
224553,25,0,0,0,"admin","afternoon",0,0
224243,1,0,0,0,"enterprise_admin","morning",0,0
224231,1,1,0,0,"enterprise_admin","afternoon",0,0
224199,1,0,0,0,"enterprise_admin","morning",0,0
224196,1,0,0,0,"enterprise_admin","morning",0,0
224195,1,0,0,0,"enterprise_admin","morning",0,0
224194,1,0,0,0,"enterprise_admin","morning",0,0
224069,82,0,0,0,"admin","morning",0,0
224068,4,0,0,0,"admin","morning",0,0
224067,23,0,0,0,"admin","morning",0,0
224020,3,0,0,0,"52b06203aa0dc338","afternoon",0,2
223947,8,0,0,0,"enterprise_admin","afternoon",0,0
223942,2,0,0,0,"admin","morning",0,2
223922,1,0,0,0,"enterprise_admin","morning",0,0
223909,1,0,0,0,"enterprise_admin","afternoon",0,0
223908,12,0,1,0,"enterprise_admin","afternoon",0,0
223906,3,0,0,1,"admin","morning",0,0
223901,4,1,0,0,"enterprise_admin","morning",0,0
223900,1,0,0,0,"enterprise_admin","morning",0,0
223897,1,0,0,0,"enterprise_admin","afternoon",0,0
223896,1,0,0,0,"enterprise_admin","afternoon",0,0
223895,1,0,0,0,"enterprise_admin","afternoon",0,0
223894,1,0,0,0,"enterprise_admin","afternoon",0,0
223893,1,0,0,0,"enterprise_admin","afternoon",0,0
223892,1,0,0,0,"enterprise_admin","afternoon",0,1
223891,1,0,0,0,"enterprise_admin","afternoon",0,0
223890,1,0,0,0,"enterprise_admin","afternoon",0,0
223889,1,0,0,0,"enterprise_admin","afternoon",0,0
223888,1,0,0,0,"enterprise_admin","afternoon",0,0
223887,1,0,0,0,"enterprise_admin","afternoon",0,0
223885,2,0,0,0,"admin","afternoon",0,0
223884,1,0,0,0,"admin","morning",0,0
223883,3,0,0,1,"enterprise_admin","morning",0,0
223880,6,0,0,0,"enterprise_admin","morning",0,0
223878,9,2,0,0,"admin","evening",0,0
223872,564,0,0,0,"enterprise_admin","afternoon",0,0
223868,1,0,0,1,"52b06203aa0dc338","afternoon",0,0
223865,1,0,0,0,"enterprise_admin","morning",0,0
223862,8,0,0,0,"admin","afternoon",0,0
223861,9,0,0,0,"52b06203aa0dc338","afternoon",0,0
223855,1,0,0,0,"enterprise_admin","afternoon",0,0
223854,1,0,0,0,"enterprise_admin","afternoon",0,0
223853,3,0,0,1,"enterprise_admin","afternoon",0,0
223846,1,0,0,1,"enterprise_admin","afternoon",0,0
223837,3,0,0,1,"enterprise_admin","morning",0,0
223836,3,0,0,1,"enterprise_admin","morning",0,0
223833,1,0,0,0,"enterprise_admin","morning",0,0
223832,1,0,0,0,"enterprise_admin","morning",0,0
223831,1,0,0,0,"enterprise_admin","morning",0,0
223829,1,1,0,0,"enterprise_admin","morning",0,0
223827,1,1,0,0,"admin","morning",0,0
223823,1,0,0,1,"enterprise_admin","morning",0,0
223817,1,0,0,0,"admin","morning",0,0
223816,1,0,0,0,"admin","morning",0,0
223811,1,0,0,0,"admin","morning",0,0
223809,1,0,0,1,"enterprise_admin","morning",0,0
223807,3,0,0,1,"enterprise_admin","morning",0,0
223805,1,0,0,1,"enterprise_admin","morning",0,0
223802,2,0,0,1,"enterprise_admin","morning",0,0
223796,7,2,0,3,"admin","morning",0,0
223794,2,0,0,1,"enterprise_admin","afternoon",0,0
223792,2,0,0,1,"enterprise_admin","afternoon",0,0
223790,2,0,0,1,"enterprise_admin","afternoon",0,0
223788,1,0,0,0,"enterprise_admin","afternoon",0,0
223770,1,0,4,0,"enterprise_admin","afternoon",0,0
223765,1,0,4,0,"enterprise_admin","afternoon",0,0
223755,5,0,0,0,"enterprise_admin","afternoon",0,0
223737,1,1,0,0,"enterprise_admin","afternoon",0,0
223597,1,1,0,0,"enterprise_admin","afternoon",0,0
223537,1,4,0,0,"enterprise_admin","afternoon",0,0
223107,1,0,0,0,"admin","morning",0,0
223106,1,0,0,0,"admin","evening",0,0
223105,1,0,0,0,"admin","morning",0,0
223104,1,0,0,0,"admin","morning",0,0
223103,1,0,0,0,"admin","morning",0,0
223102,1,0,0,0,"admin","morning",0,0
223101,1,0,0,0,"admin","morning",0,0
223100,1,0,0,0,"admin","morning",0,0
223093,8,0,0,0,"admin","morning",1,0
222937,26,0,1,0,"admin","morning",0,0
222916,58,19,0,0,"admin","morning",0,0
222796,3,0,0,0,"enterprise_admin","afternoon",0,0
222793,1,0,0,0,"enterprise_admin","afternoon",0,0
222792,1,0,0,0,"enterprise_admin","afternoon",0,0
222791,1,0,0,0,"enterprise_admin","afternoon",0,0
222787,7,0,0,0,"25975f8b830814a0","afternoon",0,0
222785,5,0,0,0,"enterprise_admin","afternoon",0,0
222781,2,0,0,0,"admin","morning",0,0
222778,3,0,0,1,"admin","morning",0,1
222775,1,0,0,1,"admin","morning",0,1
222658,6,0,0,0,"enterprise_admin","morning",0,1
222536,26,0,13,0,"enterprise_admin","afternoon",0,0
222535,1,0,0,0,"enterprise_admin","afternoon",0,0
222534,1,0,0,0,"enterprise_admin","afternoon",0,0
222531,2,0,0,0,"enterprise_admin","afternoon",0,0
222530,1,0,0,0,"enterprise_admin","afternoon",0,0
222529,1,0,0,0,"enterprise_admin","afternoon",0,0
222528,2,0,0,0,"enterprise_admin","afternoon",0,0
222524,3,0,0,0,"enterprise_admin","afternoon",0,0
222523,2,0,0,0,"enterprise_admin","afternoon",0,0
222479,2,0,0,0,"52b06203aa0dc338","morning",0,0
222478,5,0,0,0,"admin","morning",0,0
222475,4,0,0,0,"admin","morning",0,1
222474,4,1,0,0,"enterprise_admin","morning",0,0
222408,1,0,0,0,"enterprise_admin","morning",0,0
222393,8,0,0,0,"admin","morning",0,0
222349,152,0,0,0,"enterprise_admin","morning",0,0
222321,4,0,0,1,"25975f8b830814a0","afternoon",0,0
222311,1,0,0,1,"enterprise_admin","afternoon",0,0
222302,1,0,0,0,"admin","afternoon",0,1
222291,1,0,0,0,"admin","afternoon",0,0
222284,3,0,0,1,"enterprise_admin","afternoon",0,0
222278,1,0,0,0,"admin","afternoon",0,0
222277,8,0,0,0,"admin","afternoon",0,0
222266,2,0,0,0,"admin","afternoon",0,0
222263,1,0,0,1,"admin","afternoon",0,0
222243,1,0,0,1,"admin","morning",0,0
222239,2,0,0,1,"admin","morning",0,0
222237,7,0,0,1,"admin","morning",0,0
222235,1,0,0,1,"admin","morning",0,0
222234,1,0,0,0,"25975f8b830814a0","morning",0,0
222233,1,0,0,0,"25975f8b830814a0","morning",0,0
222232,1,0,0,0,"25975f8b830814a0","morning",0,0
221925,107,100,0,0,"admin","morning",0,0
221923,3,0,0,1,"admin","afternoon",0,0
221921,1,0,0,1,"admin","afternoon",0,0
221908,1,0,0,0,"enterprise_admin","afternoon",0,0
221906,3,0,0,1,"enterprise_admin","afternoon",0,0
221777,10,0,0,0,"enterprise_admin","morning",0,0
221776,1,0,0,0,"enterprise_admin","morning",0,0
221761,5,0,0,0,"admin","morning",1,0
221745,5,1,0,0,"admin","afternoon",0,0
221744,5,1,0,0,"admin","afternoon",0,0
221741,13,0,0,0,"admin","afternoon",0,0
221740,9,0,0,0,"admin","afternoon",0,1
221731,5,0,0,0,"enterprise_admin","afternoon",0,0
221729,117,0,0,1,"enterprise_admin","afternoon",0,0
221710,1,0,2,0,"enterprise_admin","morning",0,0
221661,1,0,0,0,"admin","afternoon",0,0
221657,1,0,0,0,"admin","afternoon",0,0
221656,1,0,0,0,"admin","afternoon",0,0
221633,1,1,2,0,"enterprise_admin","morning",0,0
221630,1,0,0,0,"admin","afternoon",0,1
221625,79,0,0,0,"enterprise_admin","afternoon",0,0
221604,5,0,0,2,"enterprise_admin","afternoon",0,0
221603,5,0,0,0,"admin","afternoon",0,2
221570,5,0,0,1,"enterprise_admin","afternoon",0,0
221569,1,0,0,1,"enterprise_admin","afternoon",0,0
221559,1,0,0,1,"admin","afternoon",0,0
221531,1,0,0,0,"admin","evening",0,0
221530,1,0,0,0,"admin","evening",0,1
221516,14,0,0,0,"admin","afternoon",2,0
221515,12,0,0,0,"admin","afternoon",2,0
221514,7,0,0,0,"admin","afternoon",1,0
221513,4,0,0,0,"admin","afternoon",0,0
221507,6,0,0,0,"admin","afternoon",7,0
221485,1,0,0,0,"enterprise_admin","morning",0,0
221484,3,0,0,0,"admin","morning",0,1
221483,6,0,0,0,"admin","morning",0,0
221462,3,0,0,0,"admin","afternoon",0,0
221450,3,0,0,0,"admin","morning",0,0
221449,7,0,0,0,"admin","morning",0,0
221440,3,0,1,0,"admin","morning",0,1
221438,2,0,0,1,"admin","morning",0,0
221393,2,0,1,0,"admin","morning",0,2
221390,3,0,0,1,"admin","morning",0,0
221387,48,0,0,0,"enterprise_admin","morning",0,0
221374,7,0,0,0,"admin","morning",0,1
221373,2,0,0,0,"admin","morning",0,1
221369,2,0,0,0,"admin","afternoon",0,1
221366,7,0,0,0,"admin","afternoon",0,0
221365,2,0,0,0,"admin","morning",0,1
221362,8,0,0,0,"admin","morning",2,0
221357,117,0,0,1,"enterprise_admin","afternoon",0,0
221309,117,0,0,1,"enterprise_admin","afternoon",0,0
221307,7,0,0,1,"enterprise_admin","afternoon",0,0
221296,7,0,0,1,"enterprise_admin","afternoon",0,0
221290,1,0,0,1,"enterprise_admin","afternoon",0,1
221288,2,0,0,1,"admin","afternoon",0,0
221271,1,0,0,0,"admin","morning",0,0
221254,2,0,0,1,"25975f8b830814a0","afternoon",0,0
221252,5,0,0,1,"25975f8b830814a0","afternoon",0,0
221242,4,0,0,1,"25975f8b830814a0","afternoon",0,0
221237,6,0,0,0,"25975f8b830814a0","afternoon",0,0
221219,236,1,0,0,"admin","afternoon",0,0
221217,1,0,1,0,"enterprise_admin","afternoon",0,0
221212,2,0,0,0,"admin","morning",0,1
221211,1,0,0,0,"admin","morning",0,1
221208,1,0,0,1,"admin","morning",0,1
221190,1,0,0,1,"admin","afternoon",0,0
221189,1,0,0,0,"admin","afternoon",0,0
221186,1,0,0,0,"admin","afternoon",0,0
221184,1,0,0,0,"25975f8b830814a0","afternoon",0,0
221181,1,0,0,0,"25975f8b830814a0","afternoon",0,0
221178,2,0,0,0,"admin","afternoon",0,0
221168,4,0,0,0,"enterprise_admin","afternoon",0,0
221152,4,0,0,0,"enterprise_admin","afternoon",0,0
221148,2,0,0,0,"enterprise_admin","afternoon",0,0
221086,9,0,0,0,"enterprise_admin","afternoon",0,1
221079,1,0,0,0,"admin","morning",0,1
221067,2,0,0,0,"enterprise_admin","afternoon",0,2
221059,1,0,0,0,"enterprise_admin","afternoon",0,2
221057,1,0,0,0,"enterprise_admin","afternoon",0,0
221038,1,0,0,0,"enterprise_admin","morning",0,1
221030,1,0,0,0,"admin","morning",0,1
221029,1,0,0,0,"admin","morning",0,0
221028,1,0,0,0,"admin","morning",0,0
221019,1,0,0,0,"admin","morning",0,0
221013,1,0,0,0,"admin","morning",0,1
221008,1,0,0,0,"enterprise_admin","morning",0,0
221003,1,0,0,0,"admin","evening",0,0
220997,1,0,0,0,"admin","afternoon",0,1
220996,1,0,0,0,"admin","afternoon",0,0
220995,1,0,0,0,"admin","afternoon",0,0
220994,1,0,0,0,"admin","afternoon",0,0
220993,1,0,0,0,"admin","afternoon",0,0
220992,1,0,0,0,"admin","afternoon",0,0
220991,1,0,0,0,"admin","afternoon",0,0
220990,1,0,0,0,"admin","afternoon",0,0
220979,1,0,0,0,"admin","afternoon",0,0
220978,1,0,0,0,"admin","afternoon",0,0
220975,1,0,0,0,"admin","afternoon",0,0
220974,1,0,0,0,"admin","afternoon",0,0
220965,5,0,0,0,"admin","afternoon",0,0
220964,1,0,0,0,"admin","afternoon",0,0
220963,1,0,0,0,"admin","afternoon",0,0
220962,3,0,0,0,"admin","afternoon",0,0
220961,1,0,0,0,"admin","afternoon",0,0
220960,2,0,0,0,"admin","afternoon",0,0
220959,1,0,0,0,"admin","afternoon",0,0
220956,8,0,0,0,"admin","afternoon",0,0
220955,6,0,0,0,"admin","afternoon",0,0
220954,11,1,0,0,"admin","afternoon",0,2
220953,11,1,0,0,"admin","afternoon",0,0
220949,3,0,0,0,"enterprise_admin","morning",0,2
220942,1,0,0,0,"admin","morning",0,0
220941,1,0,0,0,"admin","morning",0,0
220940,1,0,0,0,"admin","morning",0,0
220939,1,0,0,0,"admin","morning",0,0
220938,1,0,0,0,"admin","morning",0,0
220937,3,0,0,0,"admin","morning",0,0
220936,2,0,0,0,"admin","morning",0,0
220919,1,0,0,0,"admin","morning",0,0
220914,1,0,0,0,"admin","morning",0,0
220910,1,0,0,0,"admin","morning",0,0
220909,1,0,0,0,"admin","morning",0,0
220908,1,0,0,0,"admin","morning",0,0
220902,2,0,0,0,"admin","morning",0,0
220901,1,0,0,0,"admin","morning",0,0
220900,7,0,0,0,"admin","morning",0,0
220895,4,0,0,0,"enterprise_admin","evening",0,2
220894,2,0,0,0,"admin","afternoon",0,0
220893,1,0,0,0,"admin","afternoon",0,0
220892,1,0,0,0,"admin","afternoon",0,0
220891,1,0,0,0,"admin","afternoon",0,0
220889,1,0,0,0,"enterprise_admin","morning",0,0
220888,1,0,0,0,"enterprise_admin","morning",0,0
220884,1,0,0,0,"admin","morning",0,0
220881,4,0,0,0,"admin","morning",0,0
220880,1,0,0,0,"admin","morning",0,0
220879,1,0,0,0,"admin","evening",0,0
220868,1,0,0,0,"enterprise_admin","afternoon",0,0
220864,1,0,0,0,"enterprise_admin","afternoon",0,0
220863,3,0,0,0,"enterprise_admin","afternoon",0,1
220862,2,0,0,0,"admin","afternoon",0,0
220860,1,0,0,0,"enterprise_admin","afternoon",0,0
220856,3,0,0,0,"enterprise_admin","afternoon",0,1
220854,1,0,0,0,"enterprise_admin","afternoon",0,0
220853,2,0,0,0,"enterprise_admin","afternoon",0,0
220852,1,0,0,0,"enterprise_admin","afternoon",0,0
220850,1,0,0,0,"admin","afternoon",0,0
220849,1,0,0,0,"enterprise_admin","afternoon",0,0
220848,2,0,0,0,"admin","afternoon",0,0
220846,1,0,0,0,"admin","afternoon",0,0
220845,1,0,0,0,"admin","afternoon",0,0
220844,2,0,0,0,"admin","afternoon",0,0
220843,1,0,0,0,"admin","afternoon",0,0
220842,1,0,0,0,"admin","afternoon",0,0
220841,1,0,0,0,"admin","afternoon",0,0
220840,1,0,1,0,"34feb5585e081d04","afternoon",0,0
220838,3,0,0,0,"admin","afternoon",0,0
220837,1,0,0,0,"admin","afternoon",0,0
220836,2,0,0,0,"enterprise_admin","afternoon",0,0
220835,1,0,0,0,"admin","afternoon",0,0
220834,5,0,0,0,"enterprise_admin","afternoon",0,0
220833,1,0,0,0,"admin","afternoon",0,0
220831,2,0,0,0,"enterprise_admin","afternoon",0,0
220830,1,0,0,0,"enterprise_admin","afternoon",0,0
220829,1,0,0,0,"enterprise_admin","afternoon",0,0
220828,1,0,0,0,"admin","afternoon",0,0
220827,1,0,0,0,"admin","afternoon",0,0
220825,22,0,0,0,"admin","afternoon",0,0
220823,1,0,0,0,"admin","afternoon",0,0
220820,1,0,0,0,"admin","afternoon",0,0
220819,2,0,0,0,"admin","afternoon",0,0
220818,1,0,0,0,"admin","afternoon",0,0
220813,2,0,0,0,"admin","afternoon",0,0
220812,1,0,0,0,"admin","afternoon",0,0
220811,4,0,0,0,"admin","afternoon",0,0
220810,4,0,0,0,"admin","afternoon",0,0
220802,2,0,0,0,"enterprise_admin","morning",0,0
220791,28,0,0,0,"admin","morning",0,0
220787,2,0,0,0,"enterprise_admin","afternoon",0,0
220786,22,0,0,0,"admin","afternoon",0,0
220776,11,0,0,0,"admin","morning",0,0
220775,13,0,0,0,"admin","morning",0,0
220774,66,0,0,0,"admin","morning",1,0
220771,8,0,1,0,"admin","afternoon",0,0
220769,5,0,1,0,"admin","afternoon",0,0
220767,4,0,0,0,"enterprise_admin","afternoon",0,0
220756,1,0,0,0,"enterprise_admin","morning",0,0
220754,4,0,0,0,"enterprise_admin","morning",0,0
220753,4,0,0,0,"enterprise_admin","morning",0,0
220752,5,0,0,0,"enterprise_admin","morning",0,0
220749,5,0,0,0,"enterprise_admin","morning",0,0
220748,4,0,0,0,"enterprise_admin","morning",0,0
